City,Country,Venue,Opening act(s),Revenue,Tour,Attendance,Tour_Year,Revenue_per_Attendee
Evansville,United States,Roberts Municipal Stadium,"Gloriana
Kellie Pickler",360617.0,Fearless_Tour,7463.0,2009,48.32064853276162
Jonesboro,United States,Convocation Center,"Gloriana
Kellie Pickler",340328.0,Fearless_Tour,7822.0,2009,43.50907696241371
St. Louis,United States,Scottrade Center,"Gloriana
Kellie Pickler",650420.0,Fearless_Tour,13764.0,2009,47.25515838419064
Alexandria,United States,Bishop Ireton High School,"Gloriana
Kellie Pickler",2054690.0,Fearless_Tour,26705.0,2009,76.94027335704924
North Charleston,United States,North Charleston Coliseum,"Gloriana
Kellie Pickler",398154.0,Fearless_Tour,8751.0,2009,45.498114501199865
Jacksonville,United States,Jacksonville Veterans Memorial Arena,"Gloriana
Kellie Pickler",507012.0,Fearless_Tour,11072.0,2009,45.79226878612717
Biloxi,United States,Mississippi Coast Coliseum,"Gloriana
Kellie Pickler",437313.0,Fearless_Tour,9436.0,2009,46.34516744383213
London,England,Shepherd's Bush Empire,No Opening Act,401328.0,Fearless_Tour,6789.0,2009,59.114449845338044
London,England,Shepherd's Bush Empire,No Opening Act,401328.0,Fearless_Tour,6789.0,2009,59.114449845338044
Spokane,United States,Spokane Arena,"Gloriana
Kellie Pickler",482146.0,Fearless_Tour,10798.0,2009,44.651416929060936
Seattle,United States,KeyArena,"Gloriana
Kellie Pickler",528637.0,Fearless_Tour,12061.0,2009,43.830279412984
Portland,United States,Rose Garden Arena,"Gloriana
Kellie Pickler",613284.0,Fearless_Tour,13226.0,2009,46.36957507938908
Nampa,United States,Ford Arena,"Gloriana
Kellie Pickler",413622.0,Fearless_Tour,8970.0,2009,46.11170568561873
Glendale,United States,Jobing.com Arena,"Gloriana
Kellie Pickler",647923.0,Fearless_Tour,13052.0,2009,49.64166411277965
Los Angeles,United States,Staples Center,"Gloriana
Kellie Pickler",720940.0,Fearless_Tour,13648.0,2009,52.823856975381005
Paradise,United States,Mandalay Bay Events Center,"Gloriana
Kellie Pickler",551051.0,Fearless_Tour,8311.0,2009,66.30381422211526
San Diego,United States,Valley View Casino Center,"Gloriana
Kellie Pickler",502689.0,Fearless_Tour,10174.0,2009,49.40918026341655
Salt Lake City,United States,EnergySolutions Arena,"Gloriana
Kellie Pickler",555207.0,Fearless_Tour,13042.0,2009,42.570694678730256
New Brockton,United States,BamaJam Farms,No Opening Act,2054690.0,Fearless_Tour,26705.0,2009,76.94027335704924
Columbia,United States,Merriweather Post Pavilion,"Gloriana
Kellie Pickler",608438.0,Fearless_Tour,17619.0,2009,34.53306090016459
Greensboro,United States,Greensboro Coliseum,"Gloriana
Kellie Pickler",690959.0,Fearless_Tour,14641.0,2009,47.19342941055939
Oshkosh,United States,Ford Festival Park,No Opening Act,2054690.0,Fearless_Tour,26705.0,2009,76.94027335704924
Cadott,United States,Amphitheatre Concert Grounds,No Opening Act,2054690.0,Fearless_Tour,26705.0,2009,76.94027335704924
Calgary,Canada,Pengrowth Saddledome,"Gloriana
Kellie Pickler",2054690.0,Fearless_Tour,26705.0,2009,76.94027335704924
Edmonton,Canada,Commonwealth Stadium,No Opening Act,2540906.0,Fearless_Tour,33910.0,2009,74.9308758478325
Craven,Canada,Big Valley Park,No Opening Act,2054690.0,Fearless_Tour,26705.0,2009,76.94027335704924
Winnipeg,Canada,MTS Centre,"Gloriana
Kellie Pickler",512487.0,Fearless_Tour,11369.0,2009,45.07757938253145
Twin Lakes,United States,Country Thunder Festival,No Opening Act,2054690.0,Fearless_Tour,26705.0,2009,76.94027335704924
Columbus,United States,Value City Arena,"Gloriana
Kellie Pickler",2054690.0,Fearless_Tour,26705.0,2009,76.94027335704924
Charleston,United States,Charleston Civic Center,"Gloriana
Kellie Pickler",2054690.0,Fearless_Tour,26705.0,2009,76.94027335704924
Cheyenne,United States,Cheyenne Frontier Days Arena,Kellie Pickler,2054690.0,Fearless_Tour,26705.0,2009,76.94027335704924
Rapid City,United States,Barnett Arena,"Gloriana
Kellie Pickler",2054690.0,Fearless_Tour,26705.0,2009,76.94027335704924
Minot,United States,North Dakota State Fair Grandstand,No Opening Act,2054690.0,Fearless_Tour,26705.0,2009,76.94027335704924
Philadelphia,United States,Wachovia Spectrum,"Gloriana
Kellie Pickler",2054690.0,Fearless_Tour,26705.0,2009,76.94027335704924
Detroit Lakes,United States,Soo Pass Ranch,No Opening Act,2054690.0,Fearless_Tour,26705.0,2009,76.94027335704924
Omaha,United States,Qwest Center Omaha,"Gloriana
Kellie Pickler",2054690.0,Fearless_Tour,26705.0,2009,76.94027335704924
Chelmsford,England,Hylands Park,No Opening Act,2054690.0,Fearless_Tour,26705.0,2009,76.94027335704924
Weston-under-Lizard,England,Weston Park,No Opening Act,2054690.0,Fearless_Tour,26705.0,2009,76.94027335704924
New York City,United States,Madison Square Garden,"Gloriana
Kellie Pickler",976062.0,Fearless_Tour,13597.0,2009,71.78509965433551
Montville,United States,Mohegan Sun Arena,"Gloriana
Kellie Pickler",296306.0,Fearless_Tour,7507.0,2009,39.470627414413215
University Park,United States,Bryce Jordan Center,"Gloriana
Kellie Pickler",2054690.0,Fearless_Tour,26705.0,2009,76.94027335704924
Louisville,United States,Freedom Hall,"Gloriana
Kellie Pickler",2054690.0,Fearless_Tour,26705.0,2009,76.94027335704924
Duluth,United States,Arena at Gwinnett Center,"Gloriana
Kellie Pickler",2054690.0,Fearless_Tour,26705.0,2009,76.94027335704924
Greenville,United States,Bi-Lo Center,"Gloriana
Kellie Pickler",2054690.0,Fearless_Tour,26705.0,2009,76.94027335704924
Charlotte,United States,Time Warner Cable Arena,"Gloriana
Kellie Pickler",2054690.0,Fearless_Tour,26705.0,2009,76.94027335704924
Lafayette,United States,Cajundome,"Gloriana
Kellie Pickler",2054690.0,Fearless_Tour,26705.0,2009,76.94027335704924
Bossier City,United States,CenturyTel Center,"Gloriana
Kellie Pickler",2054690.0,Fearless_Tour,26705.0,2009,76.94027335704924
Birmingham,United States,BJCC Arena,"Gloriana
Kellie Pickler",2054690.0,Fearless_Tour,26705.0,2009,76.94027335704924
Nashville,United States,Bridgestone Arena,"Gloriana
Kellie Pickler",642387.0,Fearless_Tour,14269.0,2009,45.01976312285374
Dallas,United States,American Airlines Center,"Gloriana
Kellie Pickler",628062.0,Fearless_Tour,13794.0,2009,45.53153545019574
North Little Rock,United States,Verizon Arena,"Gloriana
Kellie Pickler",654089.0,Fearless_Tour,13978.0,2009,46.794176563170694
Tulsa,United States,BOK Center,"Gloriana
Kellie Pickler",2054690.0,Fearless_Tour,26705.0,2009,76.94027335704924
Pittsburgh,United States,Mellon Arena,"Gloriana
Kellie Pickler",2054690.0,Fearless_Tour,26705.0,2009,76.94027335704924
Grand Rapids,United States,Van Andel Arena,"Gloriana
Kellie Pickler",2054690.0,Fearless_Tour,26705.0,2009,76.94027335704924
Cleveland,United States,Quicken Loans Arena,"Gloriana
Kellie Pickler",743492.0,Fearless_Tour,15524.0,2009,47.89306879670188
Indianapolis,United States,Conseco Fieldhouse,"Gloriana
Kellie Pickler",634876.0,Fearless_Tour,13373.0,2009,47.47446347117326
Rosemont,United States,Allstate Arena,"Gloriana
Kellie Pickler",1150896.0,Fearless_Tour,26265.0,2009,43.81861793260994
Rosemont,United States,Allstate Arena,"Gloriana
Kellie Pickler",1150896.0,Fearless_Tour,26265.0,2009,43.81861793260994
Minneapolis,United States,Target Center,"Gloriana
Kellie Pickler",623975.0,Fearless_Tour,13563.0,2009,46.005677210056774
London,England,Wembley Arena,Justin Bieber,2054690.0,Fearless_Tour,26705.0,2009,76.94027335704924
Manchester,England,Manchester Evening News Arena,Justin Bieber,2054690.0,Fearless_Tour,26705.0,2009,76.94027335704924
Brisbane,Australia,Brisbane Entertainment Centre,Gloriana,956505.0,Fearless_Tour,11334.0,2009,84.39253573319216
Sydney,Australia,Acer Arena,Gloriana,2030640.0,Fearless_Tour,27030.0,2009,75.12541620421753
Sydney,Australia,Acer Arena,Gloriana,2030640.0,Fearless_Tour,27030.0,2009,75.12541620421753
Newcastle,Australia,Newcastle Entertainment Centre,Gloriana,555396.0,Fearless_Tour,7180.0,2009,77.35320334261839
Melbourne,Australia,Rod Laver Arena,Gloriana,1627510.0,Fearless_Tour,23493.0,2009,69.27638019835696
Melbourne,Australia,Rod Laver Arena,Gloriana,1627510.0,Fearless_Tour,23493.0,2009,69.27638019835696
Adelaide,Australia,Adelaide Entertainment Centre,Gloriana,585352.0,Fearless_Tour,9066.0,2009,64.56562982572248
Tokyo,Japan,Zepp Tokyo,No Opening Act,2054690.0,Fearless_Tour,26705.0,2009,76.94027335704924
Tampa,United States,St. Pete Times Forum,"Gloriana
Kellie Pickler",793049.0,Fearless_Tour,13861.0,2009,57.214414544405166
Orlando,United States,Amway Arena,"Gloriana
Kellie Pickler",598581.0,Fearless_Tour,11101.0,2009,53.921358436176924
Sunrise,United States,BankAtlantic Center,"Gloriana
Kellie Pickler",777442.0,Fearless_Tour,13453.0,2009,57.78948933323422
Austin,United States,Frank Erwin Center,"Gloriana
Kellie Pickler",642705.0,Fearless_Tour,11928.0,2009,53.88204225352113
Dallas,United States,American Airlines Center,"Gloriana
Kellie Pickler",742954.0,Fearless_Tour,14022.0,2009,52.98488090144059
Corpus Christi,United States,American Bank Center Arena,"Gloriana
Kellie Pickler",501169.0,Fearless_Tour,8423.0,2009,59.500059361272704
Philadelphia,United States,Wells Fargo Center,"Gloriana
Kellie Pickler",2002321.0,Fearless_Tour,30360.0,2009,65.95260210803688
Philadelphia,United States,Wells Fargo Center,"Gloriana
Kellie Pickler",2002321.0,Fearless_Tour,30360.0,2009,65.95260210803688
Charlottesville,United States,John Paul Jones Arena,"Gloriana
Kellie Pickler",664305.0,Fearless_Tour,11858.0,2009,56.021673132062745
Auburn Hills,United States,The Palace of Auburn Hills,"Gloriana
Kellie Pickler",1711591.0,Fearless_Tour,29125.0,2009,58.767072961373394
Auburn Hills,United States,The Palace of Auburn Hills,"Gloriana
Kellie Pickler",1711591.0,Fearless_Tour,29125.0,2009,58.767072961373394
Cincinnati,United States,U.S. Bank Arena,"Gloriana
Kellie Pickler",645592.0,Fearless_Tour,11208.0,2009,57.60099928622412
Oklahoma City,United States,Ford Center,"Gloriana
Kellie Pickler",675184.0,Fearless_Tour,11795.0,2009,57.24323866044934
Wichita,United States,Intrust Bank Arena,"Gloriana
Kellie Pickler",610801.0,Fearless_Tour,11208.0,2009,54.49687723054961
Kansas City,United States,Sprint Center,"Gloriana
Kellie Pickler",761110.0,Fearless_Tour,13781.0,2009,55.228938393440245
Denver,United States,Pepsi Center,"Gloriana
Kellie Pickler",1497135.0,Fearless_Tour,25991.0,2009,57.602054557346776
Denver,United States,Pepsi Center,"Gloriana
Kellie Pickler",1497135.0,Fearless_Tour,25991.0,2009,57.602054557346776
Fresno,United States,Save Mart Center,"Gloriana
Kellie Pickler",649488.0,Fearless_Tour,11706.0,2009,55.483341875961045
San Jose,United States,HP Pavilion,"Gloriana
Kellie Pickler",716726.0,Fearless_Tour,12744.0,2009,56.240269930947896
Los Angeles,United States,Staples Center,"Gloriana
Kellie Pickler",1736197.0,Fearless_Tour,27518.0,2009,63.09313903626717
Los Angeles,United States,Staples Center,"Gloriana
Kellie Pickler",1736197.0,Fearless_Tour,27518.0,2009,63.09313903626717
Lexington,United States,Rupp Arena,"Gloriana
Kellie Pickler",1024223.0,Fearless_Tour,17966.0,2009,57.00896137147946
Columbia,United States,Colonial Life Arena,"Gloriana
Kellie Pickler",755475.0,Fearless_Tour,13429.0,2009,56.25698116017574
Raleigh,United States,RBC Center,"Gloriana
Kellie Pickler",752303.0,Fearless_Tour,13895.0,2009,54.141993522849944
Des Moines,United States,Wells Fargo Arena,"Gloriana
Kellie Pickler",738280.0,Fearless_Tour,13264.0,2009,55.66043425814234
Saint Paul,United States,Xcel Energy Center,"Gloriana
Kellie Pickler",846111.0,Fearless_Tour,14914.0,2009,56.73266729247687
Moline,United States,iWireless Center,"Gloriana
Kellie Pickler",610668.0,Fearless_Tour,10641.0,2009,57.3882153932901
Newark,United States,Prudential Center,"Gloriana
Kellie Pickler",1742669.0,Fearless_Tour,26065.0,2009,66.85858430845963
Newark,United States,Prudential Center,"Gloriana
Kellie Pickler",1742669.0,Fearless_Tour,26065.0,2009,66.85858430845963
Uniondale,United States,Nassau Veterans Memorial Coliseum,"Gloriana
Kellie Pickler",1713529.0,Fearless_Tour,25831.0,2009,66.33614649065076
Uniondale,United States,Nassau Veterans Memorial Coliseum,"Gloriana
Kellie Pickler",1713529.0,Fearless_Tour,25831.0,2009,66.33614649065076
Ottawa,Canada,Scotiabank Place,"Gloriana
Kellie Pickler",873206.0,Fearless_Tour,13376.0,2009,65.2815490430622
Toronto,Canada,Air Canada Centre,"Gloriana
Kellie Pickler",2497690.0,Fearless_Tour,30458.0,2009,82.00439950095213
Toronto,Canada,Air Canada Centre,"Gloriana
Kellie Pickler",2497690.0,Fearless_Tour,30458.0,2009,82.00439950095213
Houston,United States,Toyota Center,"Gloriana
Kellie Pickler",1290926.0,Fearless_Tour,23493.0,2009,54.94938917975567
Houston,United States,Toyota Center,"Gloriana
Kellie Pickler",1290926.0,Fearless_Tour,23493.0,2009,54.94938917975567
Baton Rouge,United States,Tiger Stadium,No Opening Act,2054690.0,Fearless_Tour,26705.0,2009,76.94027335704924
Washington,United States,Verizon Center,"Gloriana
Kellie Pickler",1824743.0,Fearless_Tour,27290.0,2009,66.86489556614144
Washington,United States,Verizon Center,"Gloriana
Kellie Pickler",1824743.0,Fearless_Tour,27290.0,2009,66.86489556614144
Foxborough,United States,Gillette Stadium,"Gloriana
Justin Bieber
Kellie Pickler",3726157.0,Fearless_Tour,56868.0,2009,65.52291271013576
Nassau,The Bahamas,Imperial Ballroom,"Gloriana
Kellie Pickler",2054690.0,Fearless_Tour,26705.0,2009,76.94027335704924
Cavendish,Canada,Cavendish Beach Festival Grounds,No Opening Act,2054690.0,Fearless_Tour,35000.0,2009,58.70542857142857
Singapore,Singapore,Singapore Indoor Stadium,Sezairi Sezali,916850.0,Speak_Now_World_Tour,8964.0,2011,102.28134761267292
Seoul,South Korea,Olympic Gymnastics Arena,No Opening Act,385374.0,Speak_Now_World_Tour,4725.0,2011,81.56063492063493
Osaka,Japan,Osaka-Jo Hall,No Opening Act,758113.0,Speak_Now_World_Tour,6953.0,2011,109.03394218323027
Tokyo,Japan,Nippon Budokan,No Opening Act,1738227.0,Speak_Now_World_Tour,15955.0,2011,108.94559699153871
Tokyo,Japan,Nippon Budokan,No Opening Act,1738227.0,Speak_Now_World_Tour,15955.0,2011,108.94559699153871
Quezon City,Philippines,Smart Araneta Coliseum,Sam Concepcion,859037.0,Speak_Now_World_Tour,12667.0,2011,67.81692587037183
Hong Kong,Hong Kong,AsiaWorldArena,Saito Johnny,1030633.0,Speak_Now_World_Tour,12573.0,2011,81.97192396404995
Brussels,Belgium,Forest National,Tom Dice,219212.0,Speak_Now_World_Tour,4622.0,2011,47.42795326698399
Rotterdam,Netherlands,Sportpaleis van Ahoy,Tom Dice,248314.0,Speak_Now_World_Tour,4799.0,2011,51.74286309647843
Oslo,Norway,Oslo Spektrum,No Opening Act,815246.0,Speak_Now_World_Tour,8650.0,2011,94.24809248554914
Oberhausen,Germany,König Pilsener Arena,Martin & James,370028.0,Speak_Now_World_Tour,6082.0,2011,60.839855310753045
Milan,Italy,Mediolanum Forum,Emma Marrone,153303.0,Speak_Now_World_Tour,3421.0,2011,44.81233557439345
Paris,France,Zénith de Paris,No Opening Act,201781.0,Speak_Now_World_Tour,3598.0,2011,56.08143413007226
Madrid,Spain,Palacio de los Deportes,The Bright,251864.0,Speak_Now_World_Tour,3962.0,2011,63.56991418475518
Birmingham,England,LG Arena,Martin & James,508854.0,Speak_Now_World_Tour,9339.0,2011,54.48699004176036
Belfast,Northern Ireland,Odyssey Arena,Ryan Sheridan,379001.0,Speak_Now_World_Tour,8058.0,2011,47.03412757508067
Dublin,Ireland,The O2,Ryan Sheridan,419806.0,Speak_Now_World_Tour,8681.0,2011,48.35917521022924
Manchester,England,Manchester Evening News Arena,Martin & James,580558.0,Speak_Now_World_Tour,10488.0,2011,55.354500381388256
London,England,The O2 Arena,Martin & James,891152.0,Speak_Now_World_Tour,15265.0,2011,58.378774975434
Omaha,United States,Qwest Center Omaha,Needtobreathe,1717104.0,Speak_Now_World_Tour,26992.0,2011,63.61529342027267
Omaha,United States,Qwest Center Omaha,Needtobreathe,1717104.0,Speak_Now_World_Tour,26992.0,2011,63.61529342027267
Des Moines,United States,Wells Fargo Arena,Needtobreathe,862771.0,Speak_Now_World_Tour,13149.0,2011,65.61495170735417
Sunrise,United States,BankAtlantic Center,Needtobreathe,1582951.0,Speak_Now_World_Tour,24077.0,2011,65.74535864102671
Sunrise,United States,BankAtlantic Center,Needtobreathe,1582951.0,Speak_Now_World_Tour,24077.0,2011,65.74535864102671
Orlando,United States,Amway Center,Needtobreathe,791980.0,Speak_Now_World_Tour,12262.0,2011,64.58815853857446
Columbus,United States,Nationwide Arena,Needtobreathe,955259.0,Speak_Now_World_Tour,14817.0,2011,64.47047310521698
Milwaukee,United States,Bradley Center,Needtobreathe,897042.0,Speak_Now_World_Tour,13748.0,2011,65.24890893220832
Detroit,United States,Ford Field,Needtobreathe,3453549.0,Speak_Now_World_Tour,47992.0,2011,71.96093098849808
Saint Paul,United States,Xcel Energy Center,Needtobreathe,1913737.0,Speak_Now_World_Tour,28977.0,2011,66.0433102115471
Saint Paul,United States,Xcel Energy Center,Needtobreathe,1913737.0,Speak_Now_World_Tour,28977.0,2011,66.0433102115471
Pittsburgh,United States,Heinz Field,Needtobreathe,4009118.0,Speak_Now_World_Tour,52009.0,2011,77.08508142821435
Buffalo,United States,First Niagara Center,Needtobreathe,966749.0,Speak_Now_World_Tour,14487.0,2011,66.73217367294816
Hartford,United States,XL Center,Needtobreathe,810165.0,Speak_Now_World_Tour,12436.0,2011,65.14675136699904
Foxborough,United States,Gillette Stadium,Needtobreathe,8026350.0,Speak_Now_World_Tour,110800.0,2011,72.43998194945848
Foxborough,United States,Gillette Stadium,Needtobreathe,8026350.0,Speak_Now_World_Tour,110800.0,2011,72.43998194945848
Greensboro,United States,Greensboro Coliseum,Needtobreathe,990701.0,Speak_Now_World_Tour,14789.0,2011,66.98904591250253
Knoxville,United States,ThompsonBoling Arena,Needtobreathe,903875.0,Speak_Now_World_Tour,13754.0,2011,65.71724589210412
Montreal,Canada,Bell Centre,Needtobreathe,1254230.0,Speak_Now_World_Tour,13439.0,2011,93.32762854379047
Toronto,Canada,Air Canada Centre,Needtobreathe,3036000.0,Speak_Now_World_Tour,30144.0,2011,100.71656050955414
Toronto,Canada,Air Canada Centre,Needtobreathe,3036000.0,Speak_Now_World_Tour,30144.0,2011,100.71656050955414
Newark,United States,Prudential Center,Needtobreathe,3875463.0,Speak_Now_World_Tour,51487.0,2011,75.27070911103773
Newark,United States,Prudential Center,Needtobreathe,3875463.0,Speak_Now_World_Tour,51487.0,2011,75.27070911103773
Newark,United States,Prudential Center,Needtobreathe,3875463.0,Speak_Now_World_Tour,51487.0,2011,75.27070911103773
Newark,United States,Prudential Center,Needtobreathe,3875463.0,Speak_Now_World_Tour,51487.0,2011,75.27070911103773
Grand Rapids,United States,Van Andel Arena,Needtobreathe,724854.0,Speak_Now_World_Tour,11012.0,2011,65.82401017072284
Indianapolis,United States,Conseco Fieldhouse,Needtobreathe,877175.0,Speak_Now_World_Tour,13329.0,2011,65.80951309175482
Cleveland,United States,Quicken Loans Arena,Needtobreathe,976954.0,Speak_Now_World_Tour,14873.0,2011,65.68641161836885
Washington,United States,Verizon Center,Needtobreathe,2068789.0,Speak_Now_World_Tour,29303.0,2011,70.59990444664369
Washington,United States,Verizon Center,Needtobreathe,2068789.0,Speak_Now_World_Tour,29303.0,2011,70.59990444664369
Philadelphia,United States,Lincoln Financial Field,Needtobreathe,4268678.0,Speak_Now_World_Tour,51395.0,2011,83.05628952232708
Rosemont,United States,Allstate Arena,Needtobreathe,1909603.0,Speak_Now_World_Tour,26112.0,2011,73.13124234068627
Rosemont,United States,Allstate Arena,Needtobreathe,1909603.0,Speak_Now_World_Tour,26112.0,2011,73.13124234068627
St. Louis,United States,Scottrade Center,Needtobreathe,1850159.0,Speak_Now_World_Tour,27965.0,2011,66.159806901484
St. Louis,United States,Scottrade Center,Needtobreathe,1850159.0,Speak_Now_World_Tour,27965.0,2011,66.159806901484
Edmonton,Canada,Rexall Place,Needtobreathe,2136270.0,Speak_Now_World_Tour,25336.0,2011,84.31757183454373
Edmonton,Canada,Rexall Place,Needtobreathe,2136270.0,Speak_Now_World_Tour,25336.0,2011,84.31757183454373
Los Angeles,United States,Staples Center,Needtobreathe,3927154.0,Speak_Now_World_Tour,54900.0,2011,71.53285974499089
Los Angeles,United States,Staples Center,Needtobreathe,3927154.0,Speak_Now_World_Tour,54900.0,2011,71.53285974499089
Los Angeles,United States,Staples Center,Needtobreathe,3927154.0,Speak_Now_World_Tour,54900.0,2011,71.53285974499089
Los Angeles,United States,Staples Center,Needtobreathe,3927154.0,Speak_Now_World_Tour,54900.0,2011,71.53285974499089
San Jose,United States,HP Pavilion,Needtobreathe,1825448.0,Speak_Now_World_Tour,24827.0,2011,73.526724936561
San Jose,United States,HP Pavilion,Needtobreathe,1825448.0,Speak_Now_World_Tour,24827.0,2011,73.526724936561
Sacramento,United States,Power Balance Pavilion,Needtobreathe,934326.0,Speak_Now_World_Tour,12432.0,2011,75.15492277992279
Portland,United States,Rose Garden Arena,Needtobreathe,903445.0,Speak_Now_World_Tour,13610.0,2011,66.38096987509185
Tacoma,United States,Tacoma Dome,Needtobreathe,1289430.0,Speak_Now_World_Tour,19904.0,2011,64.78245578778134
Vancouver,Canada,Rogers Arena,Needtobreathe,2190680.0,Speak_Now_World_Tour,26030.0,2011,84.15981559738763
Vancouver,Canada,Rogers Arena,Needtobreathe,2190680.0,Speak_Now_World_Tour,26030.0,2011,84.15981559738763
Nashville,United States,Bridgestone Arena,Needtobreathe,1841134.0,Speak_Now_World_Tour,28178.0,2011,65.33941372702108
Nashville,United States,Bridgestone Arena,Needtobreathe,1841134.0,Speak_Now_World_Tour,28178.0,2011,65.33941372702108
Bossier City,United States,CenturyLink Center,Needtobreathe,728546.0,Speak_Now_World_Tour,11510.0,2011,63.29678540399652
Tulsa,United States,BOK Center,Needtobreathe,907573.0,Speak_Now_World_Tour,12546.0,2011,72.33963016100749
Kansas City,United States,Arrowhead Stadium,Needtobreathe,3148046.0,Speak_Now_World_Tour,48562.0,2011,64.82529549853795
Denver,United States,Pepsi Center,Needtobreathe,834916.0,Speak_Now_World_Tour,12908.0,2011,64.6820576386737
Salt Lake City,United States,EnergySolutions Arena,Needtobreathe,896946.0,Speak_Now_World_Tour,13720.0,2011,65.37507288629737
Atlanta,United States,Philips Arena,Needtobreathe,1726661.0,Speak_Now_World_Tour,26244.0,2011,65.7926002133821
Atlanta,United States,Philips Arena,Needtobreathe,1726661.0,Speak_Now_World_Tour,26244.0,2011,65.7926002133821
North Little Rock,United States,Verizon Arena,Needtobreathe,856123.0,Speak_Now_World_Tour,13566.0,2011,63.10799056464691
New Orleans,United States,New Orleans Arena,Needtobreathe,830289.0,Speak_Now_World_Tour,12943.0,2011,64.14965618481033
Arlington,United States,Cowboys Stadium,Needtobreathe,4337062.0,Speak_Now_World_Tour,55451.0,2011,78.21431534147266
Louisville,United States,KFC Yum! Center,Needtobreathe,1003828.0,Speak_Now_World_Tour,14848.0,2011,67.60695043103448
Lubbock,United States,United Spirit Arena,Needtobreathe,710426.0,Speak_Now_World_Tour,10419.0,2011,68.18562242057779
Oklahoma City,United States,Chesapeake Energy Arena,Needtobreathe,758364.0,Speak_Now_World_Tour,11592.0,2011,65.42132505175984
San Diego,United States,Valley View Casino Center,Needtobreathe,792634.0,Speak_Now_World_Tour,10834.0,2011,73.16171312534614
Glendale,United States,Jobing.com Arena,Needtobreathe,1826025.0,Speak_Now_World_Tour,27029.0,2011,67.55799326649155
Glendale,United States,Jobing.com Arena,Needtobreathe,1826025.0,Speak_Now_World_Tour,27029.0,2011,67.55799326649155
San Antonio,United States,AT&T Center,Needtobreathe,901535.0,Speak_Now_World_Tour,13851.0,2011,65.08808028301206
Austin,United States,Frank Erwin Center,Needtobreathe,752078.0,Speak_Now_World_Tour,11999.0,2011,62.678389865822155
Lexington,United States,Rupp Arena,Needtobreathe,1041935.0,Speak_Now_World_Tour,16237.0,2011,64.17041325367987
Memphis,United States,FedExForum,Needtobreathe,820036.0,Speak_Now_World_Tour,12604.0,2011,65.06156775626785
Houston,United States,Minute Maid Park,Needtobreathe,3435756.0,Speak_Now_World_Tour,42095.0,2011,81.61909965554104
Jacksonville,United States,Jacksonville Veterans Memorial Arena,Needtobreathe,749099.0,Speak_Now_World_Tour,11785.0,2011,63.56376750106067
Tampa,United States,St. Pete Times Forum,Needtobreathe,914300.0,Speak_Now_World_Tour,13695.0,2011,66.76159182183278
Miami,United States,American Airlines Arena,Needtobreathe,786904.0,Speak_Now_World_Tour,12153.0,2011,64.74977371842344
Charlotte,United States,Time Warner Cable Arena,Needtobreathe,920903.0,Speak_Now_World_Tour,14272.0,2011,64.52515414798206
Raleigh,United States,RBC Center,Needtobreathe,866056.0,Speak_Now_World_Tour,13567.0,2011,63.835483157661976
Columbia,United States,Colonial Life Arena,Needtobreathe,828231.0,Speak_Now_World_Tour,12807.0,2011,64.6701803701101
New York,United States,Madison Square Garden,Needtobreathe,1988411.0,Speak_Now_World_Tour,26652.0,2011,74.60644604532493
New York,United States,Madison Square Garden,Needtobreathe,1988411.0,Speak_Now_World_Tour,26652.0,2011,74.60644604532493
Perth,Australia,Burswood Dome,Hot Chelle Rae,1878530.0,Speak_Now_World_Tour,15142.0,2011,124.06089023907013
Adelaide,Australia,Adelaide Entertainment Centre,Hot Chelle Rae,1075370.0,Speak_Now_World_Tour,8589.0,2011,125.20316684130864
Brisbane,Australia,Brisbane Entertainment Centre,Hot Chelle Rae,2416030.0,Speak_Now_World_Tour,19870.0,2011,121.59184700553598
Brisbane,Australia,Brisbane Entertainment Centre,Hot Chelle Rae,2416030.0,Speak_Now_World_Tour,19870.0,2011,121.59184700553598
Sydney,Australia,Allphones Arena,Hot Chelle Rae,3420360.0,Speak_Now_World_Tour,27900.0,2011,122.59354838709677
Sydney,Australia,Allphones Arena,Hot Chelle Rae,3420360.0,Speak_Now_World_Tour,27900.0,2011,122.59354838709677
Melbourne,Australia,Rod Laver Arena,Hot Chelle Rae,4151650.0,Speak_Now_World_Tour,33793.0,2011,122.85532506732163
Melbourne,Australia,Rod Laver Arena,Hot Chelle Rae,4151650.0,Speak_Now_World_Tour,33793.0,2011,122.85532506732163
Melbourne,Australia,Rod Laver Arena,Hot Chelle Rae,4151650.0,Speak_Now_World_Tour,33793.0,2011,122.85532506732163
Auckland,New Zealand,Vector Arena,Hot Chelle Rae,2888560.0,Speak_Now_World_Tour,32585.0,2011,88.64692343102655
Auckland,New Zealand,Vector Arena,Hot Chelle Rae,2888560.0,Speak_Now_World_Tour,32585.0,2011,88.64692343102655
Auckland,New Zealand,Vector Arena,Hot Chelle Rae,2888560.0,Speak_Now_World_Tour,32585.0,2011,88.64692343102655
Omaha,United States,CenturyLink Center Omaha,"Ed Sheeran
Brett Eldredge",2243164.0,The_Red_Tour,27877.0,2013,80.46647774150733
Omaha,United States,CenturyLink Center Omaha,"Ed Sheeran
Brett Eldredge",2243164.0,The_Red_Tour,27877.0,2013,80.46647774150733
St. Louis,United States,Scottrade Center,"Ed Sheeran
Brett Eldredge",2346203.0,The_Red_Tour,28582.0,2013,82.08673290882373
St. Louis,United States,Scottrade Center,"Ed Sheeran
Brett Eldredge",2346203.0,The_Red_Tour,28582.0,2013,82.08673290882373
Charlotte,United States,Time Warner Cable Arena,"Ed Sheeran
Brett Eldredge",1162733.0,The_Red_Tour,14686.0,2013,79.17288574152253
Columbia,United States,Colonial Life Arena,"Ed Sheeran
Brett Eldredge",996114.0,The_Red_Tour,12490.0,2013,79.7529223378703
Newark,United States,Prudential Center,"Ed Sheeran
Florida Georgia Line",3565317.0,The_Red_Tour,38065.0,2013,93.66391698410614
Newark,United States,Prudential Center,"Ed Sheeran
Florida Georgia Line",3565317.0,The_Red_Tour,38065.0,2013,93.66391698410614
Newark,United States,Prudential Center,"Ed Sheeran
Florida Georgia Line",3565317.0,The_Red_Tour,38065.0,2013,93.66391698410614
Miami,United States,American Airlines Arena,"Ed Sheeran
Brett Eldredge",1010175.0,The_Red_Tour,12808.0,2013,78.87062773266709
Orlando,United States,Amway Center,"Ed Sheeran
Brett Eldredge",2054128.0,The_Red_Tour,25617.0,2013,80.1861264004372
Orlando,United States,Amway Center,"Ed Sheeran
Brett Eldredge",2054128.0,The_Red_Tour,25617.0,2013,80.1861264004372
Atlanta,United States,Philips Arena,"Ed Sheeran
Brett Eldredge",2048023.0,The_Red_Tour,25471.0,2013,80.4060696478348
Atlanta,United States,Philips Arena,"Ed Sheeran
Brett Eldredge",2048023.0,The_Red_Tour,25471.0,2013,80.4060696478348
Tampa,United States,Tampa Bay Times Forum,"Ed Sheeran
Brett Eldredge",1132095.0,The_Red_Tour,14080.0,2013,80.40447443181819
Cleveland,United States,Quicken Loans Arena,"Ed Sheeran
Brett Eldredge",1247605.0,The_Red_Tour,15336.0,2013,81.351395409494
Indianapolis,United States,Bankers Life Fieldhouse,"Ed Sheeran
Brett Eldredge",1082042.0,The_Red_Tour,13573.0,2013,79.72017976865837
Lexington,United States,Rupp Arena,"Ed Sheeran
Brett Eldredge",1342699.0,The_Red_Tour,17003.0,2013,78.96835852496618
Detroit,United States,Ford Field,"Ed Sheeran
Austin Mahone
Brett Eldredge",3969059.0,The_Red_Tour,48265.0,2013,82.23472495597224
Louisville,United States,KFC Yum! Center,"Ed Sheeran
Florida Georgia Line",1246491.0,The_Red_Tour,15135.0,2013,82.3581764122894
Columbus,United States,Nationwide Arena,"Ed Sheeran
Florida Georgia Line",1155170.0,The_Red_Tour,14267.0,2013,80.96796803812995
Washington,United States,Verizon Center,"Ed Sheeran
Brett Eldredge",2489205.0,The_Red_Tour,27619.0,2013,90.12654332162641
Washington,United States,Verizon Center,"Ed Sheeran
Brett Eldredge",2489205.0,The_Red_Tour,27619.0,2013,90.12654332162641
Houston,United States,Toyota Center,"Ed Sheeran
Brett Eldredge",961422.0,The_Red_Tour,12467.0,2013,77.11734980348119
Austin,United States,Frank Erwin Center,"Ed Sheeran
Florida Georgia Line",935631.0,The_Red_Tour,11916.0,2013,78.51888217522658
San Antonio,United States,AT&T Center,"Ed Sheeran
Florida Georgia Line",1105253.0,The_Red_Tour,13974.0,2013,79.09353084299413
Arlington,United States,Cowboys Stadium,"Ed Sheeran
Austin Mahone
Florida Georgia Line",4589266.0,The_Red_Tour,53020.0,2013,86.55726141078839
Glendale,United States,Jobing.com Arena,"Ed Sheeran
Joel Crouse",2239370.0,The_Red_Tour,26705.0,2013,83.85583224115334
Glendale,United States,Jobing.com Arena,"Ed Sheeran
Joel Crouse",2239370.0,The_Red_Tour,26705.0,2013,83.85583224115334
Salt Lake City,United States,EnergySolutions Arena,"Ed Sheeran
Joel Crouse",1139360.0,The_Red_Tour,14007.0,2013,81.34218604983222
Denver,United States,Pepsi Center,"Ed Sheeran
Joel Crouse",1076069.0,The_Red_Tour,13489.0,2013,79.77381570168285
Toronto,Canada,Rogers Centre,"Ed Sheeran
Austin Mahone
Joel Crouse",7863310.0,The_Red_Tour,87627.0,2013,89.73615438164036
Toronto,Canada,Rogers Centre,"Ed Sheeran
Austin Mahone
Joel Crouse",7863310.0,The_Red_Tour,87627.0,2013,89.73615438164036
Winnipeg,Canada,Investors Group Field,"Ed Sheeran
Austin Mahone
Joel Crouse",3175430.0,The_Red_Tour,33061.0,2013,96.04760896524606
Edmonton,Canada,Rexall Place,"Ed Sheeran
Joel Crouse",2379870.0,The_Red_Tour,25663.0,2013,92.73545571445271
Edmonton,Canada,Rexall Place,"Ed Sheeran
Joel Crouse",2379870.0,The_Red_Tour,25663.0,2013,92.73545571445271
Vancouver,Canada,BC Place Stadium,"Ed Sheeran
Austin Mahone
Joel Crouse",3974410.0,The_Red_Tour,41142.0,2013,96.60225560254727
Pittsburgh,United States,Heinz Field,"Ed Sheeran
Austin Mahone
Joel Crouse",4718518.0,The_Red_Tour,56047.0,2013,84.18859171766553
East Rutherford,United States,MetLife Stadium,"Ed Sheeran
Austin Mahone
Joel Crouse",4670011.0,The_Red_Tour,52399.0,2013,89.12404816885818
Philadelphia,United States,Lincoln Financial Field,"Ed Sheeran
Austin Mahone
Joel Crouse",8822335.0,The_Red_Tour,101277.0,2013,87.11094325463827
Philadelphia,United States,Lincoln Financial Field,"Ed Sheeran
Austin Mahone
Joel Crouse",8822335.0,The_Red_Tour,101277.0,2013,87.11094325463827
Foxborough,United States,Gillette Stadium,"Ed Sheeran
Austin Mahone
Joel Crouse",9464063.0,The_Red_Tour,110712.0,2013,85.48362417804755
Foxborough,United States,Gillette Stadium,"Ed Sheeran
Austin Mahone
Joel Crouse",9464063.0,The_Red_Tour,110712.0,2013,85.48362417804755
Des Moines,United States,Wells Fargo Arena,"Ed Sheeran
Florida Georgia Line",1075576.0,The_Red_Tour,13368.0,2013,80.4590065828845
Kansas City,United States,Sprint Center,"Ed Sheeran
Florida Georgia Line",2093172.0,The_Red_Tour,26412.0,2013,79.25079509313949
Kansas City,United States,Sprint Center,"Ed Sheeran
Florida Georgia Line",2093172.0,The_Red_Tour,26412.0,2013,79.25079509313949
Wichita,United States,Intrust Bank Arena,"Ed Sheeran
Casey James",983882.0,The_Red_Tour,12231.0,2013,80.44166462268008
Tulsa,United States,BOK Center,"Ed Sheeran
Casey James",868955.0,The_Red_Tour,10949.0,2013,79.36386884647
Chicago,United States,Soldier Field,"Ed Sheeran
Austin Mahone
Casey James",4149148.0,The_Red_Tour,50809.0,2013,81.66167411285402
San Diego,United States,Valley View Casino Center,"Ed Sheeran
Casey James",948541.0,The_Red_Tour,10872.0,2013,87.24622884473878
Los Angeles,United States,Staples Center,"Ed Sheeran
Casey James",4734463.0,The_Red_Tour,55829.0,2013,84.80293395905353
Los Angeles,United States,Staples Center,"Ed Sheeran
Casey James",4734463.0,The_Red_Tour,55829.0,2013,84.80293395905353
Los Angeles,United States,Staples Center,"Ed Sheeran
Casey James",4734463.0,The_Red_Tour,55829.0,2013,84.80293395905353
Los Angeles,United States,Staples Center,"Ed Sheeran
Casey James",4734463.0,The_Red_Tour,55829.0,2013,84.80293395905353
Sacramento,United States,Sleep Train Arena,"Ed Sheeran
Casey James",1138103.0,The_Red_Tour,12795.0,2013,88.94904259476358
Portland,United States,Moda Center,"Ed Sheeran
Casey James",1084760.0,The_Red_Tour,13952.0,2013,77.74942660550458
Tacoma,United States,Tacoma Dome,"Ed Sheeran
Casey James",1584049.0,The_Red_Tour,20348.0,2013,77.84789659917436
Fargo,United States,Fargodome,"Ed Sheeran
Casey James",1661578.0,The_Red_Tour,21073.0,2013,78.84866891282684
Saint Paul,United States,Xcel Energy Center,"Ed Sheeran
Casey James",2320937.0,The_Red_Tour,28920.0,2013,80.25369986168741
Saint Paul,United States,Xcel Energy Center,"Ed Sheeran
Casey James",2320937.0,The_Red_Tour,28920.0,2013,80.25369986168741
Greensboro,United States,Greensboro Coliseum,"Ed Sheeran
Casey James",1109253.0,The_Red_Tour,13650.0,2013,81.26395604395604
Raleigh,United States,PNC Arena,"Ed Sheeran
Casey James",1088612.0,The_Red_Tour,13941.0,2013,78.08708127107094
Charlottesville,United States,John Paul Jones Arena,"Ed Sheeran
Casey James",997216.0,The_Red_Tour,12689.0,2013,78.5890141067066
Nashville,United States,Bridgestone Arena,"Ed Sheeran
Casey James",3336545.0,The_Red_Tour,41292.0,2013,80.8036665697956
Nashville,United States,Bridgestone Arena,"Ed Sheeran
Casey James",3336545.0,The_Red_Tour,41292.0,2013,80.8036665697956
Nashville,United States,Bridgestone Arena,"Ed Sheeran
Casey James",3336545.0,The_Red_Tour,41292.0,2013,80.8036665697956
Auckland,New Zealand,Vector Arena,Neon Trees,3100290.0,The_Red_Tour,30799.0,2013,100.66203448163901
Auckland,New Zealand,Vector Arena,Neon Trees,3100290.0,The_Red_Tour,30799.0,2013,100.66203448163901
Auckland,New Zealand,Vector Arena,Neon Trees,3100290.0,The_Red_Tour,30799.0,2013,100.66203448163901
Sydney,Australia,Allianz Stadium,"Guy Sebastian
Neon Trees",4096060.0,The_Red_Tour,40930.0,2013,100.07476178841925
Brisbane,Australia,Suncorp Stadium,"Guy Sebastian
Neon Trees",3895810.0,The_Red_Tour,38907.0,2013,100.13133883362892
Perth,Australia,Perth Rectangular Stadium,"Guy Sebastian
Neon Trees",2364080.0,The_Red_Tour,21827.0,2013,108.30989141888487
Melbourne,Australia,Etihad Stadium,"Guy Sebastian
Neon Trees",4547250.0,The_Red_Tour,47257.0,2013,96.2238398544131
London,England,The O2 Arena,The Vamps,5829240.0,The_Red_Tour,74740.0,2013,77.99357773615199
London,England,The O2 Arena,The Vamps,5829240.0,The_Red_Tour,74740.0,2013,77.99357773615199
London,England,The O2 Arena,The Vamps,5829240.0,The_Red_Tour,74740.0,2013,77.99357773615199
Berlin,Germany,O2 World,Andreas Bourani,755006.0,The_Red_Tour,10350.0,2013,72.94743961352657
London,England,The O2 Arena,The Vamps,2054690.0,The_Red_Tour,26705.0,2013,76.94027335704924
London,England,The O2 Arena,The Vamps,2054690.0,The_Red_Tour,26705.0,2013,76.94027335704924
Shanghai,China,Mercedes-Benz Arena,No Opening Act,1864934.0,The_Red_Tour,12793.0,2013,145.77769092472445
Saitama,Japan,Saitama Super Arena,CTS,1837147.0,The_Red_Tour,20046.0,2013,91.64656290531777
Jakarta,Indonesia,MEIS Ancol,Nicole Zefanya,1481473.0,The_Red_Tour,8130.0,2013,182.2230012300123
Pasay,Philippines,Mall of Asia Arena,Meg Bucsit,1511662.0,The_Red_Tour,9775.0,2013,154.64572890025576
Singapore,Singapore,Singapore Indoor Stadium,Imprompt-3,2524080.0,The_Red_Tour,16344.0,2013,154.4346549192364
Kuala Lumpur,Malaysia,Putra Indoor Stadium,IamNeeta,998608.0,The_Red_Tour,7525.0,2013,132.70538205980066
Singapore,Singapore,Singapore Indoor Stadium,Imprompt-3,2054690.0,The_Red_Tour,26705.0,2013,76.94027335704924
Tokyo,Japan,Tokyo Dome,No Opening Act,10586828.0,The_1989_World_Tour,100320.0,2015,105.53058213716109
Tokyo,Japan,Tokyo Dome,No Opening Act,10586828.0,The_1989_World_Tour,100320.0,2015,105.53058213716109
Winchester,United States,City of Rock,No Opening Act,2054690.0,The_1989_World_Tour,26705.0,2015,76.94027335704924
Bossier City,United States,CenturyLink Center,Vance Joy,1458197.0,The_1989_World_Tour,12459.0,2015,117.03965005217113
Baton Rouge,United States,LSU Tiger Stadium,"Vance Joy
Shawn Mendes",4119670.0,The_1989_World_Tour,50227.0,2015,82.02102454854959
Detroit,United States,Ford Field,"Vance Joy
Shawn Mendes",5999690.0,The_1989_World_Tour,50703.0,2015,118.3300790880224
Louisville,United States,KFC Yum! Center,Vance Joy,1863281.0,The_1989_World_Tour,16242.0,2015,114.71992365472232
Cleveland,United States,Quicken Loans Arena,Vance Joy,1732041.0,The_1989_World_Tour,15503.0,2015,111.72295684706187
Pittsburgh,United States,Heinz Field,"Vance Joy
Shawn Mendes",5836926.0,The_1989_World_Tour,54801.0,2015,106.51130453823835
Charlotte,United States,Time Warner Cable Arena,Vance Joy,1627798.0,The_1989_World_Tour,15024.0,2015,108.34651224707136
Raleigh,United States,PNC Arena,Vance Joy,1653762.0,The_1989_World_Tour,13886.0,2015,119.09563589226559
Philadelphia,United States,Lincoln Financial Field,"Vance Joy
Shawn Mendes",11987816.0,The_1989_World_Tour,101052.0,2015,118.63017060523295
Philadelphia,United States,Lincoln Financial Field,"Vance Joy
Shawn Mendes",11987816.0,The_1989_World_Tour,101052.0,2015,118.63017060523295
Cologne,Germany,Lanxess Arena,James Bay,2054690.0,The_1989_World_Tour,29020.0,2015,70.802549965541
Cologne,Germany,Lanxess Arena,James Bay,2054690.0,The_1989_World_Tour,29020.0,2015,70.802549965541
Amsterdam,Netherlands,Ziggo Dome,James Bay,800829.0,The_1989_World_Tour,11166.0,2015,71.72031166039764
Glasgow,Scotland,SSE Hydro,Vance Joy,1119300.0,The_1989_World_Tour,11021.0,2015,101.56065692768351
Manchester,England,Manchester Arena,Vance Joy,1478760.0,The_1989_World_Tour,14773.0,2015,100.09882894469641
London,England,Hyde Park,No Opening Act,2054690.0,The_1989_World_Tour,26705.0,2015,76.94027335704924
Dublin,Ireland,3Arena,Vance Joy,1975510.0,The_1989_World_Tour,25188.0,2015,78.43060187390822
Dublin,Ireland,3Arena,Vance Joy,1975510.0,The_1989_World_Tour,25188.0,2015,78.43060187390822
Ottawa,Canada,Canadian Tire Centre,Vance Joy,1325480.0,The_1989_World_Tour,13480.0,2015,98.3293768545994
Montreal,Canada,Bell Centre,Vance Joy,1499040.0,The_1989_World_Tour,14770.0,2015,101.49221394719025
East Rutherford,United States,MetLife Stadium,"Vance Joy
Shawn Mendes
Haim",13423858.0,The_1989_World_Tour,110105.0,2015,121.9186957903819
East Rutherford,United States,MetLife Stadium,"Vance Joy
Shawn Mendes
Haim",13423858.0,The_1989_World_Tour,110105.0,2015,121.9186957903819
Washington,United States,Nationals Park,"Vance Joy
Shawn Mendes
Haim",9730596.0,The_1989_World_Tour,85014.0,2015,114.45874797092243
Washington,United States,Nationals Park,"Vance Joy
Shawn Mendes
Haim",9730596.0,The_1989_World_Tour,85014.0,2015,114.45874797092243
Chicago,United States,Soldier Field,"Vance Joy
Shawn Mendes
Haim",11469887.0,The_1989_World_Tour,110109.0,2015,104.1684785076606
Chicago,United States,Soldier Field,"Vance Joy
Shawn Mendes
Haim",11469887.0,The_1989_World_Tour,110109.0,2015,104.1684785076606
Foxborough,United States,Gillette Stadium,"Vance Joy
Shawn Mendes
Haim",12533166.0,The_1989_World_Tour,116849.0,2015,107.25950585798766
Foxborough,United States,Gillette Stadium,"Vance Joy
Shawn Mendes
Haim",12533166.0,The_1989_World_Tour,116849.0,2015,107.25950585798766
Vancouver,Canada,BC Place,"Vance Joy
Shawn Mendes",4081820.0,The_1989_World_Tour,41463.0,2015,98.44487856643272
Edmonton,Canada,Rexall Place,Vance Joy,2387080.0,The_1989_World_Tour,26534.0,2015,89.96306625461672
Edmonton,Canada,Rexall Place,Vance Joy,2387080.0,The_1989_World_Tour,26534.0,2015,89.96306625461672
Seattle,United States,CenturyLink Field,"Vance Joy
Shawn Mendes",6050643.0,The_1989_World_Tour,55711.0,2015,108.60768968426343
Santa Clara,United States,Levi's Stadium,"Vance Joy
Shawn Mendes",13031146.0,The_1989_World_Tour,102139.0,2015,127.58247094645532
Santa Clara,United States,Levi's Stadium,"Vance Joy
Shawn Mendes",13031146.0,The_1989_World_Tour,102139.0,2015,127.58247094645532
Glendale,United States,Gila River Arena,Vance Joy,3029628.0,The_1989_World_Tour,26520.0,2015,114.2393665158371
Glendale,United States,Gila River Arena,Vance Joy,3029628.0,The_1989_World_Tour,26520.0,2015,114.2393665158371
Los Angeles,United States,Staples Center,"Vance Joy
Haim",8961681.0,The_1989_World_Tour,70563.0,2015,127.00255091195102
Los Angeles,United States,Staples Center,"Vance Joy
Haim",8961681.0,The_1989_World_Tour,70563.0,2015,127.00255091195102
Los Angeles,United States,Staples Center,"Vance Joy
Haim",8961681.0,The_1989_World_Tour,70563.0,2015,127.00255091195102
Los Angeles,United States,Staples Center,"Vance Joy
Haim",8961681.0,The_1989_World_Tour,70563.0,2015,127.00255091195102
Los Angeles,United States,Staples Center,"Vance Joy
Haim",8961681.0,The_1989_World_Tour,70563.0,2015,127.00255091195102
San Diego,United States,Petco Park,"Vance Joy
Shawn Mendes",5475237.0,The_1989_World_Tour,44710.0,2015,122.46112726459405
Salt Lake City,United States,EnergySolutions Arena,Vance Joy,1589686.0,The_1989_World_Tour,14131.0,2015,112.49635553039417
Denver,United States,Pepsi Center,Vance Joy,2868991.0,The_1989_World_Tour,27126.0,2015,105.76535427265354
Denver,United States,Pepsi Center,Vance Joy,2868991.0,The_1989_World_Tour,27126.0,2015,105.76535427265354
Houston,United States,Minute Maid Park,"Vance Joy
Shawn Mendes",5202196.0,The_1989_World_Tour,40122.0,2015,129.65943871192863
Saint Paul,United States,Xcel Energy Center,Vance Joy,5514863.0,The_1989_World_Tour,45126.0,2015,122.21032220892612
Saint Paul,United States,Xcel Energy Center,Vance Joy,5514863.0,The_1989_World_Tour,45126.0,2015,122.21032220892612
Saint Paul,United States,Xcel Energy Center,Vance Joy,5514863.0,The_1989_World_Tour,45126.0,2015,122.21032220892612
Indianapolis,United States,Bankers Life Fieldhouse,Vance Joy,1550268.0,The_1989_World_Tour,14010.0,2015,110.65438972162741
Columbus,United States,Nationwide Arena,Vance Joy,3369693.0,The_1989_World_Tour,29936.0,2015,112.5632349011224
Columbus,United States,Nationwide Arena,Vance Joy,3369693.0,The_1989_World_Tour,29936.0,2015,112.5632349011224
Kansas City,United States,Sprint Center,Vance Joy,2967558.0,The_1989_World_Tour,27857.0,2015,106.5282693757404
Kansas City,United States,Sprint Center,Vance Joy,2967558.0,The_1989_World_Tour,27857.0,2015,106.5282693757404
Nashville,United States,Bridgestone Arena,"Vance Joy
Haim",3354844.0,The_1989_World_Tour,28917.0,2015,116.01632257841408
Nashville,United States,Bridgestone Arena,"Vance Joy
Haim",3354844.0,The_1989_World_Tour,28917.0,2015,116.01632257841408
St. Louis,United States,Scottrade Center,"Vance Joy
Haim",3452940.0,The_1989_World_Tour,29688.0,2015,116.30759902991107
St. Louis,United States,Scottrade Center,"Vance Joy
Haim",3452940.0,The_1989_World_Tour,29688.0,2015,116.30759902991107
Toronto,Canada,Rogers Centre,"Vance Joy
Shawn Mendes",8670990.0,The_1989_World_Tour,99283.0,2015,87.33609983582285
Toronto,Canada,Rogers Centre,"Vance Joy
Shawn Mendes",8670990.0,The_1989_World_Tour,99283.0,2015,87.33609983582285
Des Moines,United States,Wells Fargo Arena,Vance Joy,1566321.0,The_1989_World_Tour,13969.0,2015,112.1283556446417
Omaha,United States,CenturyLink Center Omaha,Vance Joy,3121421.0,The_1989_World_Tour,29622.0,2015,105.37509283640537
Omaha,United States,CenturyLink Center Omaha,Vance Joy,3121421.0,The_1989_World_Tour,29622.0,2015,105.37509283640537
Fargo,United States,Fargodome,Vance Joy,2219188.0,The_1989_World_Tour,21067.0,2015,105.33953576683913
Arlington,United States,AT&T Stadium,"Vance Joy
Shawn Mendes",7396733.0,The_1989_World_Tour,62630.0,2015,118.10207568258024
Lexington,United States,Rupp Arena,Vance Joy,1870471.0,The_1989_World_Tour,17084.0,2015,109.48671271365019
Greensboro,United States,Greensboro Coliseum,Vance Joy,1662171.0,The_1989_World_Tour,15079.0,2015,110.23085085217852
Atlanta,United States,Georgia Dome,"Vance Joy
Shawn Mendes",6034846.0,The_1989_World_Tour,56046.0,2015,107.67665845912286
Miami,United States,American Airlines Arena,Vance Joy,1527919.0,The_1989_World_Tour,14044.0,2015,108.79514383366562
Tampa,United States,Raymond James Stadium,"Vance Joy
Shawn Mendes",6202515.0,The_1989_World_Tour,56987.0,2015,108.84087598926071
Singapore,Singapore,Singapore Indoor Stadium,No Opening Act,3217569.0,The_1989_World_Tour,17726.0,2015,181.51692429200045
Singapore,Singapore,Singapore Indoor Stadium,No Opening Act,3217569.0,The_1989_World_Tour,17726.0,2015,181.51692429200045
Shanghai,China,Mercedes-Benz Arena,No Opening Act,5917348.0,The_1989_World_Tour,37758.0,2015,156.71772869325704
Shanghai,China,Mercedes-Benz Arena,No Opening Act,5917348.0,The_1989_World_Tour,37758.0,2015,156.71772869325704
Shanghai,China,Mercedes-Benz Arena,No Opening Act,5917348.0,The_1989_World_Tour,37758.0,2015,156.71772869325704
Sydney,Australia,ANZ Stadium,Vance Joy,6571683.0,The_1989_World_Tour,75980.0,2015,86.49227428270598
Brisbane,Australia,Suncorp Stadium,Vance Joy,4759471.0,The_1989_World_Tour,46881.0,2015,101.52238646786545
Adelaide,Australia,Adelaide Entertainment Centre,Vance Joy,2407499.0,The_1989_World_Tour,20090.0,2015,119.8356893977103
Adelaide,Australia,Adelaide Entertainment Centre,Vance Joy,2407499.0,The_1989_World_Tour,20090.0,2015,119.8356893977103
Melbourne,Australia,AAMI Park,Vance Joy,10421553.0,The_1989_World_Tour,98136.0,2015,106.19500489117144
Melbourne,Australia,AAMI Park,Vance Joy,10421553.0,The_1989_World_Tour,98136.0,2015,106.19500489117144
Melbourne,Australia,AAMI Park,Vance Joy,10421553.0,The_1989_World_Tour,98136.0,2015,106.19500489117144
Glendale,United States,University of Phoenix Stadium,"Camila Cabello
Charli XCX",7214478.0,Reputation_Stadium_Tour,59157.0,2018,121.95476444038745
Santa Clara,United States,Levi's Stadium,"Camila Cabello
Charli XCX",14006963.0,Reputation_Stadium_Tour,107550.0,2018,130.2367549976755
Santa Clara,United States,Levi's Stadium,"Camila Cabello
Charli XCX",14006963.0,Reputation_Stadium_Tour,107550.0,2018,130.2367549976755
Pasadena,United States,Rose Bowl,"Camila Cabello
Charli XCX",16251980.0,Reputation_Stadium_Tour,118084.0,2018,137.63066969276107
Pasadena,United States,Rose Bowl,"Camila Cabello
Charli XCX",16251980.0,Reputation_Stadium_Tour,118084.0,2018,137.63066969276107
Seattle,United States,CenturyLink Field,Charli XCX,8672219.0,Reputation_Stadium_Tour,56021.0,2018,154.8030024455115
Denver,United States,Sports Authority Field at Mile High,"Camila Cabello
Charli XCX",7926366.0,Reputation_Stadium_Tour,57140.0,2018,138.71834091704585
Chicago,United States,Soldier Field,"Camila Cabello
Charli XCX",14576697.0,Reputation_Stadium_Tour,105208.0,2018,138.55122234050643
Chicago,United States,Soldier Field,"Camila Cabello
Charli XCX",14576697.0,Reputation_Stadium_Tour,105208.0,2018,138.55122234050643
Manchester,England,Etihad Stadium,"Camila Cabello
Charli XCX",6169724.0,Reputation_Stadium_Tour,77258.0,2018,79.85870718889953
Manchester,England,Etihad Stadium,"Camila Cabello
Charli XCX",6169724.0,Reputation_Stadium_Tour,77258.0,2018,79.85870718889953
Dublin,Ireland,Croke Park,"Camila Cabello
Charli XCX",8567769.0,Reputation_Stadium_Tour,133034.0,2018,64.40285190252116
Dublin,Ireland,Croke Park,"Camila Cabello
Charli XCX",8567769.0,Reputation_Stadium_Tour,133034.0,2018,64.40285190252116
London,England,Wembley Stadium,"Camila Cabello
Charli XCX",12214933.0,Reputation_Stadium_Tour,143427.0,2018,85.16480857858005
London,England,Wembley Stadium,"Camila Cabello
Charli XCX",12214933.0,Reputation_Stadium_Tour,143427.0,2018,85.16480857858005
Louisville,United States,Cardinal Stadium,"Camila Cabello
Charli XCX",4928219.0,Reputation_Stadium_Tour,52138.0,2018,94.52259388545782
Columbus,United States,Ohio Stadium,"Camila Cabello
Charli XCX",6606529.0,Reputation_Stadium_Tour,62897.0,2018,105.03726727824856
Landover,United States,FedExField,"Camila Cabello
Charli XCX",11396004.0,Reputation_Stadium_Tour,95672.0,2018,119.11535245421858
Landover,United States,FedExField,"Camila Cabello
Charli XCX",11396004.0,Reputation_Stadium_Tour,95672.0,2018,119.11535245421858
Philadelphia,United States,Lincoln Financial Field,"Camila Cabello
Charli XCX",11951047.0,Reputation_Stadium_Tour,107378.0,2018,111.29884147590754
Philadelphia,United States,Lincoln Financial Field,"Camila Cabello
Charli XCX",11951047.0,Reputation_Stadium_Tour,107378.0,2018,111.29884147590754
Cleveland,United States,FirstEnergy Stadium,"Camila Cabello
Charli XCX",5148757.0,Reputation_Stadium_Tour,51323.0,2018,100.32065545661789
East Rutherford,United States,MetLife Stadium,"Camila Cabello
Charli XCX",22031386.0,Reputation_Stadium_Tour,165654.0,2018,132.99640213939898
East Rutherford,United States,MetLife Stadium,"Camila Cabello
Charli XCX",22031386.0,Reputation_Stadium_Tour,165654.0,2018,132.99640213939898
East Rutherford,United States,MetLife Stadium,"Camila Cabello
Charli XCX",22031386.0,Reputation_Stadium_Tour,165654.0,2018,132.99640213939898
Foxborough,United States,Gillette Stadium,"Camila Cabello
Charli XCX",21779846.0,Reputation_Stadium_Tour,174764.0,2018,124.62432766473644
Foxborough,United States,Gillette Stadium,"Camila Cabello
Charli XCX",21779846.0,Reputation_Stadium_Tour,174764.0,2018,124.62432766473644
Foxborough,United States,Gillette Stadium,"Camila Cabello
Charli XCX",21779846.0,Reputation_Stadium_Tour,174764.0,2018,124.62432766473644
Toronto,Canada,Rogers Centre,"Camila Cabello
Charli XCX",11177000.0,Reputation_Stadium_Tour,100310.0,2018,111.42458379025022
Toronto,Canada,Rogers Centre,"Camila Cabello
Charli XCX",11177000.0,Reputation_Stadium_Tour,100310.0,2018,111.42458379025022
Pittsburgh,United States,Heinz Field,"Camila Cabello
Charli XCX",6230876.0,Reputation_Stadium_Tour,56445.0,2018,110.38844893258924
Atlanta,United States,Mercedes-Benz Stadium,"Camila Cabello
Charli XCX",18089415.0,Reputation_Stadium_Tour,116746.0,2018,154.94676477138404
Atlanta,United States,Mercedes-Benz Stadium,"Camila Cabello
Charli XCX",18089415.0,Reputation_Stadium_Tour,116746.0,2018,154.94676477138404
Tampa,United States,Raymond James Stadium,"Camila Cabello
Charli XCX",7244264.0,Reputation_Stadium_Tour,55909.0,2018,129.57241231286554
Miami Gardens,United States,Hard Rock Stadium,"Camila Cabello
Charli XCX",7072164.0,Reputation_Stadium_Tour,47818.0,2018,147.89752812748338
Nashville,United States,Nissan Stadium,"Camila Cabello
Charli XCX",9007179.0,Reputation_Stadium_Tour,56112.0,2018,160.52143926432848
Detroit,United States,Ford Field,"Camila Cabello
Charli XCX",6597852.0,Reputation_Stadium_Tour,49464.0,2018,133.38694808345463
Minneapolis,United States,U.S. Bank Stadium,"Camila Cabello
Charli XCX",10242024.0,Reputation_Stadium_Tour,98774.0,2018,103.6914977625691
Minneapolis,United States,U.S. Bank Stadium,"Camila Cabello
Charli XCX",10242024.0,Reputation_Stadium_Tour,98774.0,2018,103.6914977625691
Kansas City,United States,Arrowhead Stadium,"Camila Cabello
Charli XCX",6730138.0,Reputation_Stadium_Tour,58611.0,2018,114.82721673406016
Indianapolis,United States,Lucas Oil Stadium,"Camila Cabello
Charli XCX",6531245.0,Reputation_Stadium_Tour,55729.0,2018,117.1965224568896
St. Louis,United States,The Dome at America's Center,"Camila Cabello
Charli XCX",4884054.0,Reputation_Stadium_Tour,47831.0,2018,102.11063954339237
New Orleans,United States,Mercedes-Benz Superdome,"Camila Cabello
Charli XCX",6491546.0,Reputation_Stadium_Tour,53172.0,2018,122.08579703603401
Houston,United States,NRG Stadium,"Camila Cabello
Charli XCX",9350275.0,Reputation_Stadium_Tour,53800.0,2018,173.79693308550185
Arlington,United States,AT&T Stadium,"Camila Cabello
Charli XCX",15006157.0,Reputation_Stadium_Tour,105002.0,2018,142.91305879888003
Arlington,United States,AT&T Stadium,"Camila Cabello
Charli XCX",15006157.0,Reputation_Stadium_Tour,105002.0,2018,142.91305879888003
Perth,Australia,Optus Stadium,"Charli XCX
Broods",4153658.0,Reputation_Stadium_Tour,50891.0,2018,81.61871450747677
Melbourne,Australia,Marvel Stadium,"Charli XCX
Broods",6755570.0,Reputation_Stadium_Tour,63027.0,2018,107.18533326986847
Sydney,Australia,ANZ Stadium,"Charli XCX
Broods",7686564.0,Reputation_Stadium_Tour,72805.0,2018,105.57741913330129
Brisbane,Australia,The Gabba,"Charli XCX
Broods",4338127.0,Reputation_Stadium_Tour,43907.0,2018,98.8026282825062
Auckland,New Zealand,Mount Smart Stadium,"Charli XCX
Broods",3617593.0,Reputation_Stadium_Tour,35749.0,2018,101.19424319561386
Tokyo,Japan,Tokyo Dome,Charli XCX,14859847.0,Reputation_Stadium_Tour,100109.0,2018,148.4366740253124
Tokyo,Japan,Tokyo Dome,Charli XCX,14859847.0,Reputation_Stadium_Tour,100109.0,2018,148.4366740253124
